<?xml version="1.0" encoding="UTF-8" standalone="yes"?>
<addon id="plugin.video.Herocraft7" name="Herocraft7" version="0.1.3" provider-name="Me">
	<requires>
        <import addon="xbmc.python" version="2.19.0" />
        <import addon="script.module.python.koding.aio" version="0.1.2"/>
        <import addon="script.common.plugin.cache" version="2.5.10"/>
	</requires>
	<extension point="xbmc.python.pluginsource" library="default.py">
		<provides>video</provides>
	</extension>
	<extension point="xbmc.addon.metadata">
		<summary lang="en">Quick one liner about the add-on</summary>
		<description lang="en">Full add-on description.</description>
		<platform>all</platform>
		<forum>http://www.noobsandnerds.com/support</forum>
		<website>www.noobsandnerds.com</website>
		<news></news>
		<genre>anime,livetv,tvshows</genre>
		<video_guide></video_guide>
		<video_preview></video_preview>
	</extension>
</addon>
