<?xml version="1.0" encoding="UTF-8" standalone="yes"?>
<addon id="repository.Herocraft7" name="Herocraft7" version="0.0.1" provider-name="Dasher">
	<extension point="xbmc.addon.repository" name="Herocraft7">
		<dir>
			<info compressed="false">https://raw.githubusercontent.com/totalrevolution/python-koding/master/zips/addons.xml</info>
			<checksum>https://raw.githubusercontent.com/totalrevolution/python-koding/master/zips/addons.xml.md5</checksum>
			<datadir zip="true">https://raw.githubusercontent.com/totalrevolution/python-koding/master/zips/</datadir>
		</dir>
		<info compressed="false">https://raw.githubusercontent.com/my_github_username/repository.Herocraft7/master/zips/addons.xml</info>
		<checksum>https://raw.githubusercontent.com/my_github_username/repository.Herocraft7/master/zips/addons.xml.md5</checksum>
		<datadir zip="true">https://raw.githubusercontent.com/my_github_username/repository.Herocraft7/master/zips/</datadir>
	</extension>
	<extension point="xbmc.addon.metadata">
		<summary lang="en">Quick one liner about the repository</summary>
		<description lang="en">Full repository description.</description>
		<genre>devtools,livetv,usa</genre>
	</extension>
</addon>